sent_id,token_idx,token,ngram_surp,ft_outlier,log_freq,char_len,label,lr_score
s33,0,и,2.1668378528501915,0.009745776653289795,5.318119993844216,1.0,0,4.942043114731076e-08
s33,1,не,3.1675176794022306,0.0092734694480896,4.882801922586371,2.0,0,5.641496497848688e-06
s33,2,пребудет,5.039972772051707,0.0005266666412353516,1.0986122886681098,8.0,0,0.0016445312940470578
s33,3,в,5.054484709194364,0.00960993766784668,4.1588830833596715,1.0,0,0.04580191949516827
s33,4,стех,7.2487806758904885,0.0018391609191894531,0.6931471805599453,4.0,1,0.990230621576724
s33,5,скорби,6.408992448435827,0.0005878806114196777,1.6094379124341003,6.0,0,0.7565553586452787
s33,6,твоеа,6.015849811121979,0.0014796257019042969,1.3862943611198906,5.0,0,0.25292327877749704
s340,0,и,2.2636066915010424,0.009102165699005127,5.318119993844216,1.0,0,7.904759302156534e-08
s340,1,не,3.909513621231423,0.009336113929748535,4.882801922586371,2.0,0,0.0002611217957437357
s340,2,накладаи,7.451004495699444,0.0005934834480285645,0.0,8.0,0,0.9932015967818769
s340,3,на,5.830610341489082,0.007006824016571045,3.8501476017100584,2.0,0,0.6373856255398449
s340,4,огнь,6.612377766323245,0.0007492303848266602,0.6931471805599453,4.0,0,0.7826051359940667
s340,5,его,6.670736626420659,0.003761470317840576,3.044522437723423,3.0,0,0.981740063049736
s340,6,дровъ,7.98409345485784,0.000838160514831543,0.0,5.0,0,0.9995526176142162
s242,0,не,4.0954080877562635,0.006737112998962402,4.882801922586371,2.0,0,0.0006037779454356709
s242,1,можетъ,7.41253924046977,0.0008996129035949707,0.0,6.0,0,0.9916329634596714
s242,2,ꙗрость,7.215916972392189,0.0016127824783325195,0.0,6.0,0,0.9779665120411382
s242,3,неправ,7.16253392824571,0.0017231106758117676,1.0986122886681098,6.0,0,0.9898969893561725
s242,4,да,6.73596187034202,0.004189014434814453,2.8903717578961645,2.0,0,0.9849317402689716
s242,5,оправ,7.197574038200479,0.0004228949546813965,0.6931471805599453,5.0,0,0.9866186521338224
s242,6,дити,7.341018717505195,0.000467836856842041,0.0,4.0,0,0.9873908376574057
s242,7,сѧ,4.6025227780634665,0.007279813289642334,4.23410650459726,2.0,0,0.004520683117219412
s138,0,и,2.2636066915010424,0.00793147087097168,5.318119993844216,1.0,0,7.483702146744495e-08
s138,1,не,3.909513621231423,0.0130729079246521,4.882801922586371,2.0,0,0.00031095743871652367
s138,2,приимет,7.4083556857824835,0.005148530006408691,0.0,7.0,0,0.993067197788252
s138,3,лица,7.030785307110731,0.0022481679916381836,1.9459101490553132,4.0,0,0.9911934008376295
s138,4,о,6.808260860866225,0.07890915870666504,2.70805020110221,1.0,0,0.9996136151133446
s138,5,ꙋбоѕѣм,7.977558841900466,0.004299521446228027,0.0,6.0,0,0.9996112404194153
s47,0,и,3.2591441802102725,0.007765829563140869,5.318119993844216,1.0,0,1.2697681906316992e-05
s47,1,введи,7.630432243861032,0.0018695592880249023,0.0,5.0,0,0.9973573540926074
s47,2,ноѕѣ,7.213244303565685,0.0014753341674804688,0.0,4.0,0,0.9769740395693353
s47,3,свои,7.273051087630853,0.007558763027191162,0.0,4.0,0,0.9871459527267856
s47,4,в,6.025290737162374,0.013516128063201904,4.1588830833596715,1.0,0,0.8965982485205569
s47,5,пута,7.24431246728652,0.00189131498336792,0.6931471805599453,4.0,0,0.990028921461683
s47,6,еѧ,6.383795358455797,0.0011846423149108887,1.3862943611198906,2.0,0,0.6826934477672962
s451,0,се,5.548629575208464,0.0016237497329711914,1.3862943611198906,2.0,0,0.02856354169188029
s451,1,книги,5.28845135876611,0.0001672506332397461,0.6931471805599453,5.0,0,0.0037902788004294907
s451,2,ꙁавѣта,6.00313411875435,0.00023317337036132812,0.6931471805599453,6.0,0,0.13413144099469806
s451,3,бга,7.150797389269098,0.0008501410484313965,1.0986122886681098,3.0,0,0.988411325020502
s451,4,вы,7.1125089808168,0.0010045766830444336,1.3862943611198906,2.0,0,0.9892423508312824
s451,5,шнѧго,7.964225080264475,0.00031298398971557617,0.0,5.0,0,0.9994919789842706
s233,0,корень,7.960242789736791,0.00046497583389282227,0.0,6.0,0,0.9994914510511906
s233,1,пре,7.213244303565685,0.0016182661056518555,0.0,3.0,0,0.9768445826501772
s233,2,мꙋдрости,7.213244303565685,0.001229703426361084,0.0,8.0,0,0.9778179660924263
s233,3,комꙋ,7.215916972392189,0.0005887150764465332,0.0,4.0,0,0.9763437262281267
s233,4,л,7.260118685868656,0.013022184371948242,1.0986122886681098,1.0,1,0.996146661774428
s233,5,сѧ,4.60329313668991,0.007317304611206055,4.23410650459726,2.0,0,0.004546543800000416
s296,0,ꙁаповѣди,7.804665098770559,0.0012021660804748535,1.0986122886681098,8.0,1,0.9996300044596634
s296,1,бо,6.736782119452109,0.006099343299865723,2.8903717578961645,2.0,0,0.9862590362754704
s296,2,ꙁла,7.1637883054648075,0.0022580623626708984,1.0986122886681098,3.0,0,0.9898390821459503
s296,3,та,7.192480565588749,0.0008714199066162109,0.6931471805599453,2.0,0,0.9860444060803825
s296,4,есть,6.941685671216108,0.002395927906036377,2.3978952727983707,4.0,0,0.9910511139379994
s296,5,на,5.4723815848138315,0.0060350894927978516,3.8501476017100584,2.0,0,0.20890597001973854
s296,6,неи,5.610893970112982,0.005131721496582031,1.791759469228055,3.0,0,0.06682437336924986
s404,0,чадо,6.019413955205891,0.002427339553833008,1.791759469228055,4.0,0,0.3450925154312006
s404,1,грѣшныхъ,7.194349093885926,0.0007347464561462402,0.6931471805599453,8.0,0,0.9870753972821766
s404,2,наслѣдїе,7.214589664049649,0.0008018016815185547,0.0,8.0,0,0.9775329200489906
s404,3,погибнетъ,7.342666074636185,0.0008605718612670898,0.0,9.0,0,0.988451957595908
s404,4,и,4.688237879761411,0.007820963859558105,5.318119993844216,1.0,0,0.020021868593024128
s404,5,с,5.837077634102947,0.02004939317703247,3.5553480614894135,1.0,0,0.7129498757320777
s404,6,сѣменемъ,7.274787058703119,0.000352323055267334,0.0,8.0,0,0.9830911407938067
s404,7,ихъ,6.906121975125915,0.004021048545837402,2.3978952727983707,3.0,0,0.9899205550961208
s404,8,бꙋдетъ,7.155128723241003,0.0028148293495178223,1.0986122886681098,6.0,0,0.9900242208237078
s404,9,поношенїе,7.962915458563295,0.0007930994033813477,0.0,9.0,0,0.9995241114768162
s304,0,и,3.2591441802102725,0.009425938129425049,5.318119993844216,1.0,0,1.372253078240934e-05
s304,1,притча,7.630432243861032,0.0008985996246337891,0.0,6.0,0,0.9972689978421498
s304,2,раꙁѹма,7.307351879621715,0.0012826323509216309,0.0,6.0,0,0.9859323012236265
s304,3,не,5.465001785659831,0.008262097835540771,4.882801922586371,2.0,0,0.4336682518083166
s304,4,ѹбежитъ,7.325934559014083,0.0010052919387817383,0.0,7.0,0,0.9871962707673797
s304,5,тебе,6.001217133047556,0.0013079643249511719,1.9459101490553132,4.0,0,0.3457149816004002
s179,0,нѣс,7.804665098770559,0.0019405484199523926,1.0986122886681098,3.0,0,0.9996196597070222
s179,1,бо,6.749114619134648,0.00788050889968872,2.8903717578961645,2.0,0,0.988114879549606
s179,2,ти,6.704101196673055,0.01206892728805542,2.995732273553991,2.0,0,0.988857184921474
s179,3,слав,7.136516856043739,0.0067459940910339355,1.3862943611198906,4.0,0,0.9928864031049405
s179,4,к,7.0501781553200455,0.04356890916824341,1.791759469228055,1.0,0,0.9985990992761571
s179,5,бещесю,7.966792676485859,0.001233518123626709,0.0,6.0,0,0.9995257025259511
s355,0,волшениѧ,8.076252186995179,0.00020372867584228516,0.0,8.0,0,0.9997241062005673
s355,1,и,5.090724002904092,0.00822824239730835,5.318119993844216,1.0,0,0.1427109594255082
s355,2,чаро,7.329253700824073,0.0012450814247131348,0.0,4.0,0,0.9870831456270717
s355,3,ваниѧ,7.215916972392189,0.0005294084548950195,0.0,5.0,0,0.9765655645787622
s355,4,сꙋть,7.143312462101074,0.0005210041999816895,1.0986122886681098,4.0,0,0.9879247176893676
s355,5,естества,7.962915458563295,0.0006228089332580566,0.0,8.0,0,0.9995143161193745
s174,0,b,8.083021050889391,1.081773266196251,0.0,1.0,0,1.0
s174,1,и,4.809106693055723,0.011222481727600098,5.318119993844216,1.0,0,0.04280249425425313
s174,2,ꙗк,6.490241724512437,0.004815340042114258,1.9459101490553132,2.0,0,0.8835892433461601
s174,3,влдка,6.475696073589029,0.00047957897186279297,0.6931471805599453,5.0,0,0.6398727350374662
s174,4,мтри,6.462912198223796,0.0006995797157287598,0.6931471805599453,4.0,0,0.6240211004373575
s174,5,поработает,7.964289780103307,0.0006343722343444824,0.0,10.0,0,0.9995298311292765
s399,0,срдце,6.030491792339111,0.0013895630836486816,1.0986122886681098,5.0,0,0.2158746059893052
s399,1,свое,5.929847918317254,0.009819328784942627,1.791759469228055,4.0,0,0.31915917411205497
s399,2,даждь,7.2225241657840265,0.0011958479881286621,0.0,5.0,0,0.978014009102943
s399,3,ѹтреневати,7.218625803082222,0.00036132335662841797,0.0,10.0,0,0.9780775215372616
s399,4,ко,6.441568065849994,0.001177072525024414,1.0986122886681098,2.0,0,0.6869715629881671
s399,5,гꙋ,6.466283547268057,0.0008396506309509277,0.6931471805599453,2.0,0,0.6238138228938935
s399,6,сотворшемꙋ,7.226676375845928,0.002001941204071045,0.0,10.0,0,0.9804754233883797
s399,7,тѧ,6.382582009081187,0.00171738862991333,1.3862943611198906,2.0,0,0.6867183513659608
s293,0,на,6.017581940444158,0.005439102649688721,3.8501476017100584,2.0,0,0.8109784804743877
s293,1,послѣдокъ,7.2843445591752936,0.0005795955657958984,0.0,9.0,0,0.9842536572998793
s293,2,бо,6.734309367663796,0.005881905555725098,2.8903717578961645,2.0,0,0.9859446782719187
s293,3,обрѧщеши,7.198872314976176,0.000591576099395752,0.6931471805599453,8.0,0,0.9872862836784772
s293,4,покои,7.188019545588853,0.0005419254302978516,0.6931471805599453,5.0,0,0.9860281763302152
s293,5,еѧ,6.383795358455797,0.0017467141151428223,1.3862943611198906,2.0,0,0.6883588714286877
s431,0,и,3.261571300461199,0.008614301681518555,5.318119993844216,1.0,0,1.337820673289558e-05
s431,1,бо,6.949040126445514,0.008393824100494385,2.8903717578961645,2.0,0,0.9958358093040262
s431,2,лѧринꙋ,7.233887205245981,0.001114487648010254,0.0,6.0,0,0.9794156125910789
s431,3,смирѧи,7.213244303565685,0.0008153915405273438,0.0,6.0,0,0.9768383932166612
s431,4,главꙋ,7.231685501381228,0.0015195608139038086,0.0,5.0,0,0.9793175526496063
s431,5,свою,6.1031835198059525,0.0067855119705200195,2.1972245773362196,4.0,0,0.5957616836458594
s39,0,и,2.7401427510299188,0.007426261901855469,5.318119993844216,1.0,0,8.564885629788252e-07
s39,1,ѿ,5.129723331142678,0.019808650016784668,3.6375861597263857,1.0,0,0.06445127355231743
s39,2,враг,7.232693969770853,0.0024147629737854004,0.6931471805599453,4.0,0,0.9896720109453948
s39,3,твоих,7.214589664049649,0.0012372732162475586,0.0,5.0,0,0.977158638582821
s39,4,ѿлучит,7.339673357021231,0.0014154314994812012,0.0,6.0,0,0.9881422512208933
s39,5,сѧ,4.6025227780634665,0.006041288375854492,4.23410650459726,2.0,0,0.004267416319700469
s342,0,не,4.0954080877562635,0.01490628719329834,4.882801922586371,2.0,0,0.0008843798031048174
s342,1,радꙋи,7.487648115043623,0.005753815174102783,0.0,5.0,0,0.9954019287838909
s342,2,сѧ,5.226576351459206,0.0035381317138671875,4.23410650459726,2.0,0,0.08734603070326234
s342,3,о,5.860191279183065,0.0737420916557312,2.70805020110221,1.0,0,0.9382099694138819
s342,4,ѹмер,7.241543609918621,0.004520118236541748,0.0,4.0,0,0.9826448270758862
s342,5,шихъ,7.960242789736791,0.0036957263946533203,0.0,4.0,0,0.9995517247028232
s20,0,и,2.518198696540186,0.008872270584106445,5.318119993844216,1.0,0,2.912504268551044e-07
s20,1,в,4.667875129047124,0.012330174446105957,4.1588830833596715,1.0,0,0.0073471599653506066
s20,2,недуѕѣ,7.311636201987042,0.00181657075881958,0.0,6.0,0,0.9865707083009304
s20,3,своем,7.274372573879307,0.007705807685852051,0.6931471805599453,5.0,0,0.9935524285831344
s20,4,не,4.72323978358632,0.009635686874389648,4.882801922586371,2.0,0,0.01740175112467382
s20,5,преꙁри,5.731011956044042,0.0009336471557617188,1.0986122886681098,6.0,0,0.05491537550270723
s215,0,видите,7.968051333749143,0.0007706880569458008,0.0,6.0,0,0.9995184709793801
s215,1,ꙗк,7.095137498771246,0.00634312629699707,1.9459101490553132,2.0,0,0.9946345153627837
s215,2,не,5.244628531906242,0.008266270160675049,4.882801922586371,2.0,0,0.19704614412064253
s215,3,себѣ,6.671911020613323,0.0007614493370056152,1.6094379124341003,4.0,0,0.9223739282815032
s215,4,единому,7.2212418869992785,0.0006607770919799805,0.0,7.0,0,0.9778673932366176
s215,5,трудих,7.339673357021231,0.0009940266609191895,0.0,6.0,0,0.9879091497360426
s215,6,сѧ,4.6025227780634665,0.007042944431304932,4.23410650459726,2.0,0,0.004471114854409297
s250,0,то,5.792500302830751,0.011093437671661377,2.6390573296152584,2.0,0,0.35140023335847564
s250,1,ѹ,7.1038876591398985,0.015801429748535156,1.6094379124341003,1.0,0,0.9953766914463072
s250,2,готови,7.226580135807715,0.000725865364074707,0.0,6.0,0,0.9782577107897672
s250,3,дшꙋ,6.185551900247388,0.0008246898651123047,1.0986122886681098,3.0,0,0.3681197720209315
s250,4,свою,5.578090625713475,0.00486302375793457,2.1972245773362196,4.0,0,0.0821125292690113
s250,5,в,5.346045118642525,0.010346055030822754,4.1588830833596715,1.0,0,0.18297571626227274
s250,6,напа,6.629121263322879,0.0005450844764709473,0.6931471805599453,4.0,0,0.7954089297288817
s250,7,сти,7.871570121442026,0.0012063980102539062,0.6931471805599453,3.0,0,0.999587630382043
s468,0,и,3.093014674142845,0.007656872272491455,5.318119993844216,1.0,0,5.35659990831487e-06
s468,1,держѧи,6.436693625644999,0.0010308623313903809,0.6931471805599453,6.0,0,0.6014655266087021
s468,2,его,6.670736626420659,0.0027961134910583496,3.044522437723423,3.0,0,0.9809130799792262
s468,3,комꙋ,7.237094968686734,0.0012784600257873535,0.0,4.0,0,0.9794032907915382
s468,4,ѹподобитъ,7.339673357021231,0.001346290111541748,0.0,9.0,0,0.9885344681015554
s468,5,сѧ,4.6025227780634665,0.006434261798858643,4.23410650459726,2.0,0,0.0043462067427984166
s384,0,да,5.486686605506396,0.005805552005767822,2.8903717578961645,2.0,0,0.10006275700057894
s384,1,и,4.718629554024585,0.007676422595977783,5.318119993844216,1.0,0,0.023191600436141612
s384,2,ѹтвер,7.292384944848716,0.0008109211921691895,0.6931471805599453,5.0,0,0.9919038058970442
s384,3,дит,7.277650260079007,0.0009062886238098145,0.0,3.0,0,0.9827313747051445
s384,4,сѧ,5.971168864540616,0.005595564842224121,4.23410650459726,2.0,0,0.8313595460313046
s384,5,блгаѧ,7.327141853724861,0.0007483959197998047,0.0,5.0,0,0.9868034128580486
s384,6,его,5.372332991234035,0.0030738115310668945,3.044522437723423,3.0,0,0.05989716385640777
s84,0,ни,5.832928646575869,0.0024657845497131348,2.3978952727983707,2.0,0,0.2610142410450981
s84,1,бра,7.204238955992855,0.0010868310928344727,0.6931471805599453,3.0,0,0.9871444755555955
s84,2,та,7.178965476327896,0.0007913112640380859,0.6931471805599453,2.0,0,0.9849953204542806
s84,3,приснаг,7.222587247483242,0.0013932585716247559,0.0,7.0,0,0.9787416578979546
s84,4,ꙁлата,6.413626982017686,0.0010517239570617676,1.6094379124341003,5.0,0,0.7626185230571314
s84,5,ради,6.4870931478996665,0.0012874007225036621,1.791759469228055,4.0,0,0.8483124685376018
s84,6,и,5.091826042594207,0.009011805057525635,5.318119993844216,1.0,0,0.14796827209183566
s84,7,камена,7.33330069119059,0.0004296302795410156,0.0,6.0,0,0.9871799032041753
s84,8,драгаг,6.743506601330862,0.0005623698234558105,0.6931471805599453,6.0,0,0.8780675681588243
s428,0,дша,7.5233973819196915,0.00592416524887085,1.9459101490553132,3.0,0,0.9994054093366193
s428,1,алчюща,7.315160423634066,0.0012373924255371094,0.0,6.0,0,0.9864525682189327
s428,2,не,5.46591599187154,0.007238984107971191,4.882801922586371,2.0,0,0.4231114063191821
s428,3,скорби,7.3402695402251865,0.0014587640762329102,1.6094379124341003,6.0,0,0.9974884595137001
s428,4,и,4.09581511276118,0.009890139102935791,5.318119993844216,1.0,0,0.0010545101331365628
s428,5,не,4.416113723972096,0.007477164268493652,4.882801922586371,2.0,0,0.0032665193459744785
s428,6,раꙁ,7.400547141770133,0.001354217529296875,0.0,3.0,0,0.9909608358166422
s428,7,гнѣваи,7.213244303565685,0.000634312629699707,0.0,6.0,0,0.9766460598210611
s428,8,мꙋжа,7.276088827840987,0.0009604096412658691,0.0,4.0,0,0.982847869008201
s428,9,в,5.677546539201936,0.011085093021392822,4.1588830833596715,1.0,0,0.5622588787830004
s428,10,нищетѣ,6.675930402704994,0.0004347562789916992,0.6931471805599453,6.0,0,0.8346961086326725
s428,11,его,5.374675964226944,0.003111720085144043,3.044522437723423,3.0,0,0.06068305365772455
s262,0,гортань,7.960242789736791,0.00043582916259765625,0.0,7.0,0,0.9994970413830346
s262,1,сладокъ,7.213244303565685,0.0007394552230834961,0.0,7.0,0,0.9770382644579094
s262,2,ѹмножитъ,7.213244303565685,0.001033484935760498,0.0,8.0,0,0.9776180975291158
s262,3,дрꙋгий,7.213244303565685,0.0012278556823730469,0.0,6.0,0,0.9772707373069182
s262,4,ꙗꙁык,7.213244303565685,0.0009614229202270508,0.0,4.0,0,0.9764272567763942
s262,5,доброгливъ,7.213244303565685,0.0003637075424194336,0.0,10.0,0,0.9774760357469666
s262,6,ѹмъножитъ,7.22352151969349,0.000693976879119873,0.0,9.0,0,0.9786786103259404
s262,7,до,6.9588033979857995,0.016035795211791992,2.1972245773362196,2.0,0,0.9945922129919934
s262,8,брꙋ,7.22352151969349,0.001928091049194336,0.0,3.0,0,0.9783245974043965
s262,9,бесѣдꙋ,7.960242789736791,0.0016263127326965332,0.0,6.0,0,0.9995183159214551
s425,0,чадо,6.018275104306988,0.001922607421875,1.791759469228055,4.0,0,0.3384606415039817
s425,1,лѣта,7.242335528077257,0.0016514062881469727,0.0,4.0,0,0.9802821317583451
s425,2,своѧ,6.435193989385571,0.007423818111419678,2.0794415416798357,4.0,0,0.8827260853599624
s425,3,с,5.972884419494219,0.021726667881011963,3.5553480614894135,1.0,0,0.8441684064108719
s425,4,кротѡ,7.253569214242832,0.0012154579162597656,0.0,5.0,0,0.9812267791359788
s425,5,стию,7.213244303565685,0.0015913844108581543,0.0,4.0,0,0.9770957882008048
s425,6,препровождаи,7.960242789736791,0.0005133748054504395,0.0,12.0,0,0.9995290253267068
s464,0,члкъ,6.388486173590321,0.001007676124572754,1.3862943611198906,4.0,0,0.6914644597492509
s464,1,иже,7.054743154184753,0.0020092129707336426,1.791759469228055,3.0,0,0.9907558689899423
s464,2,живетъ,7.229074052533094,0.0005643367767333984,0.0,6.0,0,0.9783707262269935
s464,3,съ,6.381020173364911,0.005730986595153809,1.791759469228055,2.0,0,0.795193049494833
s464,4,женою,6.476211559349959,0.00021922588348388672,0.6931471805599453,5.0,0,0.6376781281623072
s464,5,раꙁꙋмивою,7.964289780103307,0.0005576014518737793,0.0,9.0,0,0.9995222460581922
s311,0,и,3.2594634256664996,0.008274495601654053,5.318119993844216,1.0,0,1.3024752459650565e-05
s311,1,паче,7.519568837689288,0.0020216703414916992,1.0986122886681098,4.0,0,0.9983705003652925
s311,2,црѧ,7.270747696729977,0.001474916934967041,0.6931471805599453,3.0,0,0.9910106456052343
s311,3,не,5.465235725415512,0.008947134017944336,4.882801922586371,2.0,0,0.4418490437118911
s311,4,премꙋдрꙋи,7.43378093307726,0.0011039972305297852,0.0,9.0,0,0.9928366200028786
s311,5,сѧ,4.6025227780634665,0.005543708801269531,4.23410650459726,2.0,0,0.004169690010037211
s147,0,сотворил,7.786698009845019,0.0037661194801330566,1.0986122886681098,8.0,0,0.9996398880234734
s147,1,єс,7.1841512002196986,0.0015656352043151855,0.6931471805599453,2.0,0,0.9858983466840292
s147,2,дивнаѧ,6.629121263322879,0.0008600354194641113,0.6931471805599453,6.0,0,0.801773059044259
s147,3,в,5.332429047844051,0.013001561164855957,4.1588830833596715,1.0,0,0.1911622068764751
s147,4,людех,6.6269621531911405,0.0009180903434753418,1.0986122886681098,5.0,0,0.8542904696111513
s147,5,своих,5.866553968311692,0.011515796184539795,2.1972245773362196,5.0,0,0.35418663373358766
s229,0,премꙋдрости,7.977558841900466,0.0012922286987304688,0.0,11.0,0,0.9995795062508442
s229,1,га,6.8057320425522,0.005426228046417236,2.70805020110221,2.0,1,0.9881306683096341
s229,2,сна,7.125691129866092,0.0010815262794494629,1.3862943611198906,3.0,0,0.9901014947582248
s229,3,сирахѡва,7.221208884621053,0.00048732757568359375,0.0,8.0,0,0.9779568714966436
s229,4,глва,7.110098877143549,0.0021800994873046875,1.3862943611198906,4.0,0,0.9899360671930728
s229,5,кд,7.964225080264475,0.9729979876428843,0.0,2.0,0,1.0
s373,0,не,4.0954080877562635,0.0062184929847717285,4.882801922586371,2.0,0,0.000589321668472444
s373,1,приближаи,7.4755998364991285,0.0014462471008300781,0.0,9.0,0,0.9943112847017425
s373,2,сѧ,5.971168864540616,0.00802832841873169,4.23410650459726,2.0,0,0.846711804620339
s373,3,жертвѣ,7.2763048995950435,0.0005695223808288574,0.0,6.0,0,0.9829769042873417
s373,4,неп,7.213244303565685,0.0019279718399047852,0.0,3.0,0,0.9771698736612128
s373,5,раведнѣ,7.22352151969349,0.0007003545761108398,0.0,7.0,0,0.9781603562081129
s373,6,ꙗко,6.9588033979857995,0.005543649196624756,2.1972245773362196,3.0,0,0.9913055692696634
s373,7,сꙋдии,7.238968399647693,0.0006096959114074707,0.0,5.0,0,0.9792174822148582
s373,8,есть,6.544756706641815,0.0024056434631347656,2.3978952727983707,4.0,0,0.9344831119419554
s175,0,смыслом,8.076252186995179,0.0015012621879577637,0.0,7.0,0,0.9997370975642982
s175,1,и,5.090724002904092,0.0067713260650634766,5.318119993844216,1.0,0,0.1345779279337264
s175,2,словом,7.331926369650577,0.0019516348838806152,0.0,6.0,0,0.9879659099281127
s175,3,чти,7.152058073485571,0.0010219812393188477,1.0986122886681098,3.0,0,0.9885767588339651
s175,4,оцѧ,5.654292217200858,0.002687990665435791,1.3862943611198906,3.0,0,0.05123435279449456
s175,5,своег,5.225212939844603,0.006728410720825195,1.6094379124341003,5.0,0,0.008966488725696019
s253,0,потер,7.960242789736791,0.0005218386650085449,0.0,5.0,0,0.99948646419731
s253,1,пѣнием,7.329253700824073,0.0004037022590637207,0.0,6.0,0,0.9868970117389004
s253,2,и,5.090724002904092,0.008595585823059082,5.318119993844216,1.0,0,0.14482522849876395
s253,3,послеже,7.334528281992611,0.0003057122230529785,0.0,7.0,0,0.9873430090001264
s253,4,емꙋ,7.081486141213452,0.001249849796295166,1.6094379124341003,3.0,0,0.9900558860232842
s253,5,дастъ,6.0056443897466005,0.00048792362213134766,0.6931471805599453,5.0,0,0.1355843474394758
s253,6,веселие,6.02875160000246,0.0010592937469482422,0.6931471805599453,7.0,0,0.1568889636428616
s268,0,и,3.2594634256664996,0.007185220718383789,5.318119993844216,1.0,0,1.2378012285938159e-05
s268,1,дрꙋгъ,7.51831446047019,0.001722574234008789,1.0986122886681098,5.0,0,0.9983573655684551
s268,2,пре,7.215916972392189,0.0016458630561828613,0.0,3.0,0,0.9771835509881576
s268,3,мѣненꙋѧ,7.339673357021231,0.0012651681900024414,0.0,7.0,0,0.9882053128902992
s268,4,сѧ,4.6025227780634665,0.006428062915802002,4.23410650459726,2.0,0,0.004344952699404026
s394,0,в,4.893076481420984,0.016412794589996338,4.1588830833596715,1.0,0,0.027865917025789885
s394,1,середине,6.074091894349769,0.0014230012893676758,0.6931471805599453,8.0,0,0.19498093783976111
s394,2,первой,7.221273584459885,0.0013024210929870605,0.0,6.0,0,0.9782481277729286
s394,3,строки,7.125691129866092,0.0016024112701416016,1.3862943611198906,6.0,0,0.9906875251134285
s394,4,о,6.8066243522132455,0.08090466260910034,2.70805020110221,1.0,0,0.9996450365495622
s394,5,мер,7.1943678034265375,0.0009506344795227051,0.6931471805599453,3.0,0,0.9863960004663214
s394,6,твецѣхъ,7.262083391340477,0.001025557518005371,0.0,7.0,0,0.9822996387588211
s394,7,на,6.232662488921832,0.007304966449737549,3.8501476017100584,2.0,0,0.9342842569329574
s394,8,правом,7.270123112770239,0.0016889572143554688,0.0,6.0,0,0.9833151549812753
s394,9,поле,6.148612815396351,0.002925395965576172,1.3862943611198906,4.0,0,0.41526890870674177
s394,10,глва,6.148612815396351,0.0007502436637878418,1.3862943611198906,4.0,0,0.39080540212451464
s394,11,кꙁ,7.969627871650518,0.8924572467803955,0.0,2.0,0,1.0
s294,0,и,3.2594634256664996,0.009791970252990723,5.318119993844216,1.0,0,1.3982439678603183e-05
s294,1,бꙋдетъ,7.5395359617999365,0.001240372657775879,1.0986122886681098,6.0,0,0.9985126754108636
s294,2,ти,6.691202431424758,0.007976889610290527,2.995732273553991,2.0,0,0.985625358394419
s294,3,пꙋть,7.240020835303259,0.000823974609375,0.0,4.0,0,0.979279082633335
s294,4,еѧ,7.152733474576159,0.0010990500450134277,1.3862943611198906,2.0,0,0.9912809353875971
s294,5,на,6.234152502667027,0.0060800909996032715,3.8501476017100584,2.0,0,0.9311740336199554
s294,6,покровъ,7.260738030856514,0.0009163022041320801,0.0,7.0,0,0.9820887580327264
s294,7,крѣпѡ,7.960242789736791,0.001679062843322754,0.0,5.0,0,0.9995134988806931
s41,0,в,5.240411104961357,0.011672258377075195,4.1588830833596715,1.0,0,0.1213326704338491
s41,1,дѣлани,7.311470984435994,0.001490950584411621,0.0,6.0,0,0.986356027993113
s41,2,бо,6.739059604316773,0.005427658557891846,2.8903717578961645,2.0,0,0.9859902597399028
s41,3,еа,7.004758048514185,0.004786968231201172,2.0794415416798357,2.0,0,0.9919338364128122
s41,4,мало,7.186398958159158,0.0009697675704956055,0.6931471805599453,4.0,0,0.9860173198917658
s41,5,потрудиши,7.271726910240142,0.0011011362075805664,0.0,9.0,0,0.9836089870855551
s41,6,с,5.397815259173145,0.01970154047012329,3.5553480614894135,1.0,0,0.20178830369825912
s124,0,ꙗкоⷤ,7.960242789736791,0.004212915897369385,0.0,4.0,0,0.9995624301492693
s124,1,емлѧис,7.218518884734223,0.0003160238265991211,0.0,6.0,0,0.9769262802935356
s124,2,ꙁа,7.077953064851624,0.0014320015907287598,1.6094379124341003,2.0,0,0.9898353844109711
s124,3,стѣн,7.337928642114674,0.0004450678825378418,0.0,4.0,0,0.9871771372000778
s124,4,и,4.700524769611787,0.009825944900512695,5.318119993844216,1.0,0,0.023350703004996864
s124,5,гонѧи,5.652226593626576,0.00016897916793823242,0.6931471805599453,5.0,0,0.02430047842900577
s124,6,вѣтры,5.566394507304937,0.00032764673233032227,0.6931471805599453,5.0,0,0.015851160325932097
s357,0,и,3.2591441802102725,0.00901186466217041,5.318119993844216,1.0,0,1.3459413705911127e-05
s357,1,ѿпадоша,7.630432243861032,0.0006892681121826172,0.0,7.0,0,0.997276163283536
s357,2,надѣющеи,7.2763048995950435,0.0008482933044433594,0.0,8.0,0,0.9835992725414191
s357,3,сѧ,5.984427293855816,0.007368206977844238,4.23410650459726,2.0,0,0.8515299170775203
s357,4,на,6.25539422460108,0.007220208644866943,3.8501476017100584,2.0,0,0.9409153270048637
s357,5,нѧ,8.00773651702762,0.0020208358764648438,0.0,2.0,0,0.9996110950722973
s419,0,и,3.2591441802102725,0.008616983890533447,5.318119993844216,1.0,0,1.3213193123356352e-05
s419,1,поноше,7.630432243861032,0.0007414817810058594,0.0,6.0,0,0.9972489166870798
s419,2,нїе,7.215916972392189,0.001019120216369629,0.0,3.0,0,0.9765209705186597
s419,3,чадомъ,7.147085074190034,0.0010381340980529785,1.0986122886681098,6.0,0,0.9887152462130525
s419,4,мти,6.629539279057429,0.0006548166275024414,0.6931471805599453,3.0,0,0.7945725650954882
s419,5,в,5.677546539201936,0.012490570545196533,4.1588830833596715,1.0,0,0.578361240652137
s419,6,беꙁславїи,8.023087314012093,0.0006533265113830566,0.0,9.0,0,0.9996488984641457
s127,0,их,7.582406811702475,0.006626009941101074,1.791759469228055,2.0,1,0.9995013614312181
s127,1,гне,7.186565717051171,0.0014694929122924805,0.6931471805599453,3.0,0,0.986179142909651
s127,2,еж,7.144566839320171,0.0020084381103515625,1.0986122886681098,2.0,0,0.9885202973284872
s127,3,ѿступити,7.255978178855336,0.0007552504539489746,0.0,8.0,0,0.9817390763975998
s127,4,ѿ,6.364797858152944,0.018307089805603027,3.6375861597263857,1.0,0,0.9742521696813642
s127,5,грѣх,6.782112099978892,0.0013734102249145508,0.6931471805599453,4.0,0,0.8990505369403451
s153,0,не,4.0954080877562635,0.009113192558288574,4.882801922586371,2.0,0,0.0006746758744906592
s153,1,премдрѧи,7.449959805290801,0.0009590387344360352,0.0,8.0,0,0.9932801177777745
s153,2,с,6.41061671958941,0.02084583044052124,3.5553480614894135,1.0,0,0.980336525395989
s153,3,творѧ,7.257363113321473,0.0028663277626037598,0.0,5.0,0,0.9829290192796052
s153,4,дѣло,5.971343572088847,0.0013912320137023926,1.3862943611198906,4.0,0,0.2092427657472941
s153,5,свое,5.68407412057688,0.01223677396774292,1.791759469228055,4.0,0,0.128537957356078
s185,0,и,2.886119312738776,0.008508682250976562,5.318119993844216,1.0,0,1.9148022894787676e-06
s185,1,въ,5.765376703925561,0.005089938640594482,2.302585092994046,2.0,0,0.20439303066730577
s185,2,грѣх,7.199217233845491,0.0013375282287597656,0.6931471805599453,4.0,0,0.9871217244204926
s185,3,мѣсто,7.144566839320171,0.0017275214195251465,1.0986122886681098,5.0,0,0.9887909333325478
s185,4,превꙁищет,7.241531593674825,0.0011047720909118652,0.0,9.0,0,0.9808987239826363
s185,5,ти,6.2362391960578005,0.009248971939086914,2.995732273553991,2.0,0,0.8740831746719615
s185,6,с,4.98820447556426,0.02215820550918579,3.5553480614894135,1.0,0,0.03306059037071722
s232,0,паче,7.785443632625922,0.0007076263427734375,1.0986122886681098,4.0,0,0.9995605589150889
s232,1,пѣс,7.218589641218693,0.0018894076347351074,0.0,3.0,0,0.9777385038356716
s232,2,ка,7.143312462101074,0.0012883543968200684,1.0986122886681098,2.0,0,0.9880556481594954
s232,3,мор,7.215916972392189,0.0003713369369506836,0.0,3.0,0,0.975816419659263
s232,4,скаго,7.332654060946135,0.00022464990615844727,0.0,5.0,0,0.9868551437455784
s232,5,и,4.924594496836665,0.009340345859527588,5.318119993844216,1.0,0,0.06920537358075995
s232,6,каплѧ,6.829338687652501,0.00031679868698120117,0.6931471805599453,5.0,0,0.916341539458454
s232,7,дож,7.217291293932202,0.0006870627403259277,0.0,3.0,0,0.9763269378869728
s232,8,девныѧ,7.960242789736791,0.00042891502380371094,0.0,6.0,0,0.9994905933086835
s436,0,и,3.2603635920810596,0.012339651584625244,5.318119993844216,1.0,0,1.5824669647651833e-05
s436,1,ꙗко,7.251669535486868,0.005465328693389893,2.1972245773362196,3.0,0,0.9980640806681005
s436,2,же,7.086918083531909,0.0019168853759765625,1.6094379124341003,2.0,0,0.9905064060876555
s436,3,мгла,7.218518884734223,0.004764974117279053,0.0,4.0,0,0.9807137789585495
s436,4,покрыхъ,7.213244303565685,0.0008674263954162598,0.0,7.0,0,0.9771721178735865
s436,5,ꙁемлю,7.960242789736791,0.0006319284439086914,0.0,5.0,0,0.9994890994305672
s238,0,и,2.868944946917968,0.00721895694732666,5.318119993844216,1.0,0,1.6497294909345366e-06
s238,1,питает,5.298655201000928,0.0013393163681030273,0.6931471805599453,6.0,0,0.004271134795490786
s238,2,сѧ,5.027329867627391,0.005622148513793945,4.23410650459726,2.0,0,0.03633088418005683
s238,3,ѿ,5.59188590002713,0.019599318504333496,3.6375861597263857,1.0,0,0.4260231427465128
s238,4,плодовъ,7.264033824137031,0.0015190839767456055,0.0,7.0,0,0.9828668737196249
s238,5,своихъ,7.016604699748862,0.002824068069458008,1.9459101490553132,6.0,0,0.9910040415215698
s238,6,вес,7.2210528475780364,0.0007990002632141113,0.0,3.0,0,0.9768902569898672
s238,7,домъ,7.213244303565685,0.0028496980667114258,0.0,4.0,0,0.9783761651795004
s238,8,свои,7.960242789736791,0.004895329475402832,0.0,4.0,0,0.9995761655583743
s160,0,въ,6.271735778130811,0.0048476457595825195,2.302585092994046,2.0,0,0.7763962075650003
s160,1,пла,7.194036967279642,0.0008116364479064941,0.6931471805599453,3.0,0,0.9862854137957968
s160,2,чи,7.2352325657299446,0.0011898279190063477,0.0,2.0,0,0.9786099041876802
s160,3,бо,6.733477114095661,0.007233977317810059,2.8903717578961645,2.0,0,0.986738243560533
s160,4,полѕы,7.2352325657299446,0.001660764217376709,0.0,5.0,0,0.9798163100607878
s160,5,ему,7.2681686835019,0.0008150339126586914,0.6931471805599453,3.0,0,0.9906084552293931
s160,6,не,5.465235725415512,0.009213805198669434,4.882801922586371,2.0,0,0.44492621716686526
s160,7,сотвориши,7.307351879621715,0.002291858196258545,0.0,9.0,0,0.9870568382162549
s160,8,никоеи,7.213244303565685,0.00034350156784057617,0.0,6.0,0,0.9763339079811054
s160,9,иа,7.218518884734223,0.0032873153686523438,0.0,2.0,0,0.9788544992217492
s160,10,ж,7.643612349415676,0.01677846908569336,1.6094379124341003,1.0,0,0.9997268438106212
s397,0,во,5.752815466254676,0.005193173885345459,3.2188758248682006,2.0,0,0.36981349336217934
s397,1,спомѧни,7.327528607996459,0.004896938800811768,0.0,7.0,0,0.9893903452075158
s397,2,сѧ,5.226576351459206,0.003990113735198975,4.23410650459726,2.0,0,0.08904544366307326
s397,3,о,5.860191279183065,0.06339681148529053,2.70805020110221,1.0,0,0.9034817644215979
s397,4,немъ,7.269496948261203,0.003998935222625732,0.0,4.0,0,0.9845770809613826
s397,5,во,6.587722538153911,0.009226441383361816,3.2188758248682006,2.0,0,0.9814321675800528
s397,6,исхо,7.24254300239223,0.002093017101287842,0.0,4.0,0,0.9806976482369778
s397,7,дѣ,7.187840263051665,0.0021530985832214355,0.6931471805599453,2.0,0,0.9865307210350923
s397,8,дша,6.425881836045776,0.007048547267913818,1.9459101490553132,3.0,0,0.8595200582496701
s397,9,его,4.852682044763332,0.002342700958251953,3.044522437723423,3.0,0,0.0041878581049181775
s218,0,и,2.8697433914308776,0.007695198059082031,5.318119993844216,1.0,0,1.6938483820837503e-06
s218,1,ѕѣло,5.700933195742597,0.001473844051361084,1.0986122886681098,4.0,0,0.04740713967073689
s218,2,ми,5.947065106137817,0.0024487972259521484,1.6094379124341003,2.0,0,0.22890689332609823
s218,3,мерꙁи,7.2212418869992785,0.0008394718170166016,0.0,5.0,0,0.9775077038236571
s218,4,живот,7.225224949040252,0.0009520649909973145,0.0,5.0,0,0.9780687865476875
s218,5,их,6.343369888392347,0.0064427852630615234,1.791759469228055,2.0,0,0.767696103163678
s272,0,и,2.8881771688686717,0.012113630771636963,5.318119993844216,1.0,0,2.2905609583241453e-06
s272,1,аще,5.751526739789682,0.002732694149017334,2.3978952727983707,3.0,0,0.19213211498967658
s272,2,щи,7.1778307327268855,0.002425849437713623,1.0986122886681098,2.0,1,0.9905002187684244
s272,3,то,6.913474982701697,0.013612091541290283,2.6390573296152584,2.0,0,0.9950051250531188
s272,4,и,4.710880497145075,0.011188983917236328,5.318119993844216,1.0,0,0.026178560305196684
s272,5,на,5.719583254769736,0.0058144330978393555,3.8501476017100584,2.0,0,0.4837217768705936
s272,6,тѧ,7.1704144472759435,0.0028156042098999023,1.3862943611198906,2.0,0,0.9926455098565997
s272,7,бꙋдетъ,6.406727965221837,0.0011577606201171875,1.0986122886681098,6.0,0,0.6581017644553617
s348,0,мно,6.695265800436152,0.0011186599731445312,1.3862943611198906,3.0,0,0.9156111106340211
s348,1,ꙁѣи,7.243393687063547,0.0016418695449829102,0.0,3.0,0,0.9801385649134547
s348,2,бо,6.17798848419003,0.005858302116394043,2.8903717578961645,2.0,0,0.7983935416870902
s348,3,ꙁлобѣ,6.513357035990376,0.0003630518913269043,0.6931471805599453,5.0,0,0.6821933060297122
s348,4,наѹчает,7.217291293932202,0.0002410411834716797,0.0,7.0,0,0.9769842830215933
s348,5,ъ,7.213244303565685,0.8813450410962105,0.0,1.0,0,1.0
s348,6,праꙁн,7.213244303565685,0.0007945895195007324,0.0,5.0,0,0.9765333949495131
s348,7,ство,7.960242789736791,0.0005568265914916992,0.0,4.0,0,0.9994808980763874
s254,0,и,3.2591441802102725,0.008633315563201904,5.318119993844216,1.0,0,1.3223286717564601e-05
s254,1,ѹстны,7.630432243861032,0.0010684728622436523,0.0,5.0,0,0.9972567710047278
s254,2,многих,7.213244303565685,0.0007055401802062988,0.0,6.0,0,0.9767218997401892
s254,3,исповѣдѧ,7.218518884734223,0.0006240606307983398,0.0,8.0,0,0.9777945870969261
s254,4,тъ,7.077953064851624,0.00375974178314209,1.6094379124341003,2.0,0,0.9908740252957455
s254,5,смыслъ,7.2693558388640405,0.0005166530609130859,0.0,6.0,0,0.9823229695480031
s254,6,его,5.372332991234035,0.002621293067932129,3.044522437723423,3.0,0,0.058716796001996516
s105,0,и,2.7401427510299188,0.008774876594543457,5.318119993844216,1.0,0,9.122346311223986e-07
s105,1,ѿ,5.129148845698871,0.019211173057556152,3.6375861597263857,1.0,0,0.06261277679140488
s105,2,нас,7.291025161548607,0.002504110336303711,0.0,3.0,0,0.9850094233869578
s105,3,бо,6.733477114095661,0.0059539079666137695,2.8903717578961645,2.0,0,0.9859317821846277
s105,4,состарѣют,7.360316258701527,0.0017799735069274902,0.0,9.0,0,0.9898869993605893
s105,5,сѧ,4.6025227780634665,0.006420314311981201,4.23410650459726,2.0,0,0.004343385689068455
s316,0,и,3.2591441802102725,0.008672535419464111,5.318119993844216,1.0,0,1.3247557257612707e-05
s316,1,приносѧщꙋ,7.635706825029571,0.00045013427734375,0.0,9.0,0,0.9973850484322486
s316,2,ми,7.077953064851624,0.0025203824043273926,1.6094379124341003,2.0,0,0.9903348334108915
s316,3,бгꙋ,7.218518884734223,0.0018159151077270508,0.0,3.0,0,0.9776555728157508
s316,4,прии,7.213244303565685,0.0012190937995910645,0.0,4.0,0,0.9767029750296116
s316,5,метъ,7.219942548500441,0.0012170076370239258,0.0,4.0,0,0.9774751403237233
s316,6,ѧ,6.695265800436152,0.00643157958984375,1.3862943611198906,1.0,0,0.9313570879017211
s446,0,и,3.2603635920810596,0.010378658771514893,5.318119993844216,1.0,0,1.4438273413880728e-05
s446,1,ꙗко,7.250719721444392,0.007331788539886475,2.1972245773362196,3.0,0,0.9982168660536686
s446,2,кедръ,6.010469530296527,0.0009583234786987305,0.6931471805599453,5.0,0,0.14117735742604126
s446,3,воꙁнесох,5.350898260083202,0.0005350112915039062,0.6931471805599453,8.0,0,0.005516177394526577
s446,4,сѧ,4.587067321300228,0.008174240589141846,4.23410650459726,2.0,0,0.004352838364014741
s446,5,в,4.604556950676444,0.012641966342926025,4.1588830833596715,1.0,0,0.005386241541761358
s446,6,ливанѣ,5.628199144278456,0.0005688071250915527,0.6931471805599453,6.0,0,0.022190827743034408
s288,0,и,2.518198696540186,0.009008407592773438,5.318119993844216,1.0,0,2.931102316595858e-07
s288,1,в,4.667875129047124,0.012395083904266357,4.1588830833596715,1.0,0,0.007369327312375807
s288,2,гривнꙋ,7.312963510329583,0.0014145374298095703,0.0,6.0,0,0.9864115665400133
s288,3,е,7.147024777180136,0.005054891109466553,1.0986122886681098,1.0,0,0.9900318360878035
s288,4,ѧ,7.1125089808168,0.0056705474853515625,1.3862943611198906,1.0,0,0.9912252556802005
s288,5,выю,7.235667791908911,0.0012344121932983398,0.0,3.0,0,0.9789578306400638
s288,6,свою,6.1031835198059525,0.004941463470458984,2.1972245773362196,4.0,0,0.5748372961359172
s32,0,єс,7.871507700559226,0.0024018287658691406,0.6931471805599453,2.0,0,0.9996050384322889
s32,1,бѡ,7.111312226518159,0.0035241246223449707,1.3862943611198906,2.0,0,0.9903676411434748
s32,2,друг,7.259135548837543,0.0033112764358520508,0.0,4.0,0,0.9832207955888869
s32,3,во,5.460553023672431,0.015590131282806396,3.2188758248682006,2.0,0,0.17417393932021702
s32,4,времѧ,6.309981382624047,0.001219332218170166,1.791759469228055,5.0,0,0.693374396392976
s364,0,тако,6.383795358455797,0.0010665655136108398,1.3862943611198906,4.0,0,0.6868644221508584
s364,1,приносѧи,7.186721268813155,0.000525355339050293,0.6931471805599453,8.0,0,0.9864326324888709
s364,2,жертвꙋ,7.254650870512796,0.0004252195358276367,0.0,6.0,0,0.9808747123385776
s364,3,ѿ,6.409398268527081,0.019263744354248047,3.6375861597263857,1.0,0,0.9803222587356192
s364,4,и,5.09535476566126,0.008539378643035889,5.318119993844216,1.0,0,0.14748166735843324
s364,5,мѣниѧ,7.329253700824073,0.0006315708160400391,0.0,5.0,0,0.9868741339726438
s364,6,ѹбогихъ,7.960242789736791,0.0007868409156799316,0.0,7.0,0,0.9995052245332323
s280,0,и,2.9757538556927017,0.009976327419281006,5.318119993844216,1.0,0,3.2581746958319026e-06
s280,1,ꙗкоже,6.019029593737024,0.003219425678253174,1.791759469228055,5.0,0,0.3558987875290693
s280,2,сѣѧи,7.229207239567935,0.0013200640678405762,0.0,4.0,0,0.9786060167834537
s280,3,тако,7.119600914609528,0.0016108155250549316,1.3862943611198906,4.0,0,0.9901573574407625
s280,4,при,6.368390504473558,0.0036630630493164062,1.9459101490553132,3.0,0,0.7951239936685306
s280,5,стꙋпи,6.459231173816949,0.002168595790863037,1.0986122886681098,5.0,0,0.7232921357874175
s280,6,егд,7.196992921532111,0.0018489360809326172,0.6931471805599453,3.0,1,0.9871217456208259
s280,7,неи,6.155992385559601,0.001652061939239502,1.791759469228055,3.0,0,0.5040075441657929
s49,0,подложи,7.960242789736791,0.002173304557800293,0.0,7.0,0,0.9995362669340986
s49,1,рамо,7.219794190314753,0.0033894777297973633,0.0,4.0,0,0.9795910943702315
s49,2,свое,7.151400289413787,0.013569772243499756,1.791759469228055,4.0,0,0.9967525468469223
s49,3,и,4.72257206375138,0.009238719940185547,5.318119993844216,1.0,0,0.02540461901914936
s49,4,по,6.250434303351604,0.021530210971832275,2.4849066497880004,2.0,0,0.8900353641383092
s49,5,л,6.739612280571819,0.01583009958267212,1.0986122886681098,1.0,0,0.9524836708409505
s190,0,сне,6.746085614558939,0.0015020966529846191,0.6931471805599453,3.0,0,0.8801920168142283
s190,1,чти,7.163212480498686,0.002808690071105957,1.0986122886681098,3.0,0,0.9900655613603531
s190,2,га,6.8787673640474445,0.0053015947341918945,2.70805020110221,2.0,0,0.9917824616213218
s190,3,и,5.092765919316019,0.009086370468139648,5.318119993844216,1.0,0,0.14902287442026949
s190,4,возможеши,7.329253700824073,0.0009208321571350098,0.0,9.0,0,0.9876682592703777
s190,5,развѣ,7.233887205245981,0.0012831687927246094,0.0,5.0,0,0.979323983990878
s190,6,бо,6.733477114095661,0.005851805210113525,2.8903717578961645,2.0,0,0.9858654120598364
s190,7,тоⷢ,7.233887205245981,0.0036069154739379883,0.0,3.0,0,0.9809544801963024
s190,8,иноⷢ,7.307351879621715,0.003160834312438965,0.0,4.0,0,0.9867795313912953
s190,9,не,5.465001785659831,0.009078443050384521,4.882801922586371,2.0,0,0.4430652934962514
s190,10,боиⷭ,7.308697240105678,0.00208359956741333,0.0,4.0,0,0.9862009435401564
s190,11,величаѧи,7.213731506992376,0.0009226799011230469,0.6931471805599453,8.0,0,0.9883933461041535
s190,12,с,6.4186051940492135,0.022024452686309814,3.5553480614894135,1.0,0,0.9821106540115013
s190,13,своею,6.299327351823114,0.019298017024993896,2.4849066497880004,5.0,0,0.9069132291756605
s190,14,ꙁлобою,7.185271782270547,0.0017884373664855957,0.6931471805599453,6.0,0,0.9867857144259293
s96,0,и,2.263650624602276,0.008165895938873291,5.318119993844216,1.0,0,7.567891966770097e-08
s96,1,не,3.6830154798589083,0.008645355701446533,4.882801922586371,2.0,0,7.849889153168883e-05
s96,2,лени,6.808714012491803,0.0012573599815368652,0.6931471805599453,4.0,0,0.9104125606707351
s96,3,с,6.412426328415756,0.017857372760772705,3.5553480614894135,1.0,0,0.9776592733003175
s96,4,посѣ,7.250664868386716,0.0014661550521850586,0.0,4.0,0,0.9809353788692423
s96,5,щати,7.960242789736791,0.001691281795501709,0.0,4.0,0,0.9995077020860943
s327,0,всею,4.650499216436586,0.003933072090148926,1.9459101490553132,4.0,0,0.0005576623145673817
s327,1,дшею,4.347407973335106,0.004629075527191162,1.6094379124341003,4.0,0,8.700946530510713e-05
s327,2,своею,5.456790396225001,0.010015308856964111,2.4849066497880004,5.0,0,0.07523418314148261
s327,3,работаи,7.238003485316844,0.0031118392944335938,0.0,7.0,0,0.981827243107018
s327,4,гви,7.143312462101074,0.0031873583793640137,1.0986122886681098,3.0,0,0.9891929744480039
s327,5,иереомъ,7.239767637513238,0.002469480037689209,0.0,7.0,0,0.9814501495883323
s327,6,его,6.66839365342775,0.002375185489654541,3.044522437723423,3.0,0,0.9803088402022498
s327,7,покорѧи,7.36352402214228,0.001343846321105957,0.0,7.0,0,0.9895959288479085
s327,8,сѧ,4.6025227780634665,0.006441235542297363,4.23410650459726,2.0,0,0.0043476179723680375
s424,0,скор,7.960242789736791,0.0005818605422973633,0.0,4.0,0,0.9994815050145435
s424,1,би,7.215916972392189,0.000562131404876709,0.0,2.0,0,0.9757336600236571
s424,2,твоеѧ,7.143312462101074,0.0014514923095703125,1.0986122886681098,5.0,0,0.9885740236345611
s424,3,восклонитъ,7.241531593674825,0.0006485581398010254,0.0,10.0,0,0.980731085062084
s424,4,ти,6.296458462525594,0.007662475109100342,2.995732273553991,2.0,0,0.897925638510348
s424,5,сѧ,5.675367218518163,0.009785830974578857,4.23410650459726,2.0,0,0.5654958250684121
s424,6,ꙗко,7.00928828368396,0.006048083305358887,2.1972245773362196,3.0,0,0.9934431358230394
s424,7,югъ,7.271015246984318,0.006018459796905518,0.0,3.0,0,0.9858836252060115
s424,8,на,6.232662488921832,0.005728483200073242,3.8501476017100584,2.0,0,0.929611154469787
s424,9,мори,8.00773651702762,0.0017497539520263672,0.0,4.0,0,0.999615797218799
s297,0,и,3.2591441802102725,0.010642707347869873,5.318119993844216,1.0,0,1.4525852201136362e-05
s297,1,ѹꙁы,7.634414534388716,0.0029001832008361816,0.0,3.0,0,0.9974706022174424
s297,2,еѧ,7.116003041652683,0.0014582276344299316,1.3862943611198906,2.0,0,0.9896522032014552
s297,3,иꙁ,7.0501781553200455,0.007060229778289795,1.791759469228055,2.0,0,0.9924201010297402
s297,4,витие,7.221139550798717,0.0004754066467285156,0.0,5.0,0,0.9771185533999487
s297,5,камене,7.1776671995521975,0.0006759762763977051,0.6931471805599453,6.0,0,0.985540864970658
s297,6,драгаго,7.961588150220755,0.0007776618003845215,0.0,7.0,0,0.9995084387180505
s52,0,и,2.872824923170149,0.011989712715148926,5.318119993844216,1.0,0,2.103733018933315e-06
s52,1,всею,5.209744862464582,0.007176578044891357,1.9459101490553132,4.0,0,0.011529767118667137
s52,2,силою,4.842528043056619,0.0018419623374938965,0.6931471805599453,5.0,0,0.0004111007028526864
s52,3,своею,5.2324005521043055,0.011777698993682861,2.4849066497880004,5.0,0,0.026976762016561264
s52,4,соблюди,5.994265290349747,0.001813352108001709,1.0986122886681098,7.0,0,0.19273873245079265
s52,5,пу,7.241420044292113,0.011210739612579346,0.0,2.0,0,0.9869225787747756
s52,6,ти,6.701285357057909,0.011177301406860352,2.995732273553991,2.0,0,0.9882202512172156
s52,7,еа,6.002709134054215,0.007197201251983643,2.0794415416798357,2.0,0,0.43768090416693656
s92,0,иереом,7.98196785473138,0.0062520503997802734,0.0,6.0,0,0.9996531340028074
s92,1,ег,6.711308629508998,0.007990658283233643,2.9444389791664403,2.0,0,0.986382542538467
s92,2,покорꙗис,7.250901356800585,0.007621824741363525,0.0,8.0,0,0.9863382312870339
s92,3,всею,5.685564576021244,0.0038291215896606445,1.9459101490553132,4.0,0,0.10430406707700073
s92,4,дшею,5.2865438480479625,0.0036677122116088867,1.6094379124341003,4.0,0,0.010518659143312072
s92,5,твоею,6.699862676451504,0.001470327377319336,0.6931471805599453,5.0,0,0.8555586319325357
s349,0,ѹстрои,7.98409345485784,0.0011085271835327148,0.0,6.0,0,0.9995636863326224
s349,1,его,6.67502360176425,0.0035941004753112793,3.044522437723423,3.0,0,0.9819949026558698
s349,2,въ,6.951004691843227,0.0039675235748291016,2.302585092994046,2.0,0,0.9910917967830342
s349,3,дѣлехъ,7.160120813841596,0.001380622386932373,1.0986122886681098,6.0,0,0.9896082044103343
s349,4,ꙗкоже,7.06830166412794,0.0021893978118896484,1.791759469228055,5.0,0,0.9916554983794074
s349,5,ти,6.693490538022022,0.009120643138885498,2.995732273553991,2.0,0,0.9865216934621446
s349,6,подобаетъ,7.983037030946681,0.0010196566581726074,0.0,9.0,0,0.9995755809352801
s417,0,клѧтва,6.74859588555119,0.0005363225936889648,0.6931471805599453,6.0,0,0.8807259292757609
s417,1,же,7.082661061598319,0.0033922195434570312,1.6094379124341003,2.0,0,0.9909383033137776
s417,2,мтрнѧ,7.1827564837725255,0.0007743239402770996,0.6931471805599453,5.0,0,0.9858015942674144
s417,3,искоре,7.214589664049649,0.00035840272903442383,0.0,6.0,0,0.9765098852673095
s417,4,нѧетъ,7.22352151969349,0.0011855363845825195,0.0,5.0,0,0.9781141954664591
s417,5,до,6.962970888558123,0.01439434289932251,2.1972245773362196,2.0,0,0.9942869267210516
s417,6,своеѧ,6.7286250402683105,0.00702136754989624,1.0986122886681098,5.0,1,0.929502805079424
s286,0,слыши,5.571627379156761,0.0005180835723876953,0.6931471805599453,5.0,0,0.016421562032666006
s286,1,чадо,4.923918772193054,0.0021557211875915527,1.791759469228055,4.0,0,0.0018124689209025825
s286,2,и,4.315812665647549,0.00753939151763916,5.318119993844216,1.0,0,0.002937300945346854
s286,3,сотвори,4.927619530147462,0.0033487677574157715,1.6094379124341003,7.0,0,0.0017000392559014018
s286,4,волю,4.827393604567424,0.000510871410369873,0.6931471805599453,4.0,0,0.0003528608255114602
s286,5,мою,5.566394507304937,0.0008463859558105469,0.6931471805599453,3.0,0,0.015841965800209697
s157,0,и,3.2591441802102725,0.010808289051055908,5.318119993844216,1.0,0,1.4638746195196156e-05
s157,1,рыдане,7.638240787873384,0.0009074807167053223,0.0,6.0,0,0.9973777479190291
s157,2,днь,7.016604699748862,0.0020186901092529297,1.9459101490553132,3.0,0,0.990310932212567
s157,3,един,7.225035138105721,0.0008159279823303223,0.0,4.0,0,0.9776407292668842
s157,4,или,7.110098877143549,0.011726796627044678,1.3862943611198906,3.0,0,0.9934559225730402
s157,5,два,7.217226594093368,0.0006669163703918457,0.0,3.0,0,0.9762974138847943
s157,6,хѹлена,7.227897044607823,0.000949561595916748,0.0,6.0,0,0.9786218299486051
s157,7,ради,6.154853534660697,0.0017018318176269531,1.791759469228055,4.0,0,0.5062236933403983
s292,0,і,5.685567983747278,0.02462226152420044,2.302585092994046,1.0,0,0.29516945471569955
s292,1,ими,7.312578567278105,0.0013130903244018555,0.0,3.0,0,0.9858090495336418
s292,2,сѧ,5.19148635101582,0.007273733615875244,4.23410650459726,2.0,0,0.08682410656720832
s292,3,ꙁа,5.179624669763565,0.0021358728408813477,1.6094379124341003,2.0,0,0.005526272862962853
s292,4,ню,4.923402189197347,0.0010191798210144043,0.6931471805599453,2.0,0,0.0005786073834076593
s292,5,не,4.738361444319344,0.008311867713928223,4.882801922586371,2.0,0,0.017680936420386574
s292,6,остави,6.100332453392015,0.000530242919921875,0.6931471805599453,6.0,0,0.20602944637687406
s292,7,ѧ,6.698914717747636,0.008249163627624512,1.3862943611198906,1.0,0,0.937704962606227
s60,0,и,2.868944946917968,0.008198201656341553,5.318119993844216,1.0,0,1.7270196336483731e-06
s60,1,вѣнець,6.209266608881057,0.0007025599479675293,0.6931471805599453,6.0,0,0.31467341549985345
s60,2,радсти,6.0005551055262725,0.0011627674102783203,0.6931471805599453,6.0,0,0.13767113624757943
s60,3,воꙁложиши,7.26478502122303,0.000622093677520752,0.0,9.0,0,0.982642871496183
s60,4,на,6.276424948436491,0.007361233234405518,3.8501476017100584,2.0,0,0.9470041779927972
s60,5,сѧ,4.615781207378667,0.006904304027557373,4.23410650459726,2.0,0,0.0047557054204326625
s276,0,обрѣ,7.960242789736791,0.00039118528366088867,0.0,4.0,0,0.9994768642486533
s276,1,тыи,7.2212418869992785,0.0004252791404724121,0.0,3.0,0,0.9765148866221057
s276,2,же,6.458268395808368,0.0018557906150817871,1.6094379124341003,2.0,0,0.8018623887343539
s276,3,его,6.1446793654610925,0.0030344128608703613,3.044522437723423,3.0,0,0.7744674778579664
s276,4,обрѣте,7.168142135885892,0.0006116628646850586,1.0986122886681098,6.0,0,0.9896643497449518
s276,5,сокрови,7.215916972392189,0.00018841028213500977,0.0,7.0,0,0.9767683837167573
s276,6,ще,7.960242789736791,0.0012496709823608398,0.0,2.0,0,0.9994848010235285
s73,0,еда,5.7112077897784,0.0008173584938049316,1.0986122886681098,3.0,0,0.047858479261614226
s73,1,как,5.949718296078341,0.0023981332778930664,1.6094379124341003,3.0,0,0.23312737778854067
s73,2,ꙋбоиши,7.2671125059010455,0.0008955597877502441,0.0,6.0,0,0.9824291253502724
s73,3,ѿ,5.708965031466311,0.0192221999168396,3.6375861597263857,1.0,0,0.5717379147617352
s73,4,лица,6.1992023105839,0.0021700263023376465,1.9459101490553132,4.0,0,0.6046567073096155
s73,5,силнаг,7.9734958554202535,0.000980675220489502,0.0,6.0,0,0.9995363890685942
s452,0,и,3.2591441802102725,0.009162485599517822,5.318119993844216,1.0,0,1.3554534777238996e-05
s452,1,оставлю,7.637130488795789,0.001059889793395996,0.0,7.0,0,0.9974136271996551
s452,2,ѧ,6.581691061663662,0.006202220916748047,1.3862943611198906,1.0,0,0.8818874124144559
s452,3,в,5.681955138993967,0.012844264507293701,4.1588830833596715,1.0,0,0.5879160710310178
s452,4,роды,7.276088827840987,0.001913607120513916,0.0,4.0,0,0.9835832476898374
s452,5,вѣчныѧ,7.960242789736791,0.0011510848999023438,0.0,6.0,0,0.9995074984726788
s148,0,кто,5.68870435509996,0.0017930269241333008,1.6094379124341003,3.0,0,0.07128743792043377
s148,1,бы,5.992055481810728,0.0006086826324462891,1.0986122886681098,2.0,0,0.17333695684414613
s148,2,мо,7.1149503995612005,0.0014035701751708984,1.3862943611198906,2.0,0,0.9895700217381842
s148,3,глъ,7.217226594093368,0.0007361769676208496,0.0,3.0,0,0.9763722365608878
s148,4,преступник,7.217291293932202,0.0003342628479003906,0.0,10.0,0,0.9779019028422383
s148,5,быти,6.210321206447761,0.00033795833587646484,0.6931471805599453,4.0,0,0.30686762123786737
s148,6,и,3.9290570081274345,0.007957637310028076,5.318119993844216,1.0,0,0.0004074313593367108
s148,7,не,4.350313708095132,0.008986473083496094,4.882801922586371,2.0,0,0.002497349700274814
s148,8,преступил,8.147545627941238,0.0005319714546203613,0.0,9.0,0,0.9998143006772785
s68,0,ѿступи,8.006113408638559,0.0019133687019348145,0.0,6.0,0,0.9996249462857347
s68,1,ѿ,5.422743705809274,0.01387244462966919,3.6375861597263857,1.0,0,0.19163413086672126
s68,2,неправды,5.9117779360273435,0.0031170248985290527,1.6094379124341003,8.0,0,0.21568984879214043
s68,3,и,4.704491690456393,0.009617090225219727,5.318119993844216,1.0,0,0.023596476060934117
s68,4,ꙋклонит,7.398772290884401,0.0019466280937194824,0.0,7.0,0,0.9915518954695747
s68,5,сѧ,5.7020497843513205,0.00786280632019043,4.23410650459726,2.0,0,0.5772244170645012
s68,6,ѿ,5.238874479694191,0.014627635478973389,3.6375861597263857,1.0,0,0.08676887500462648
s68,7,тебе,5.447234979202017,0.0024240612983703613,1.9459101490553132,4.0,0,0.030862079180634557
s285,0,премдрсть,7.980885691417088,0.0015829801559448242,0.0,9.0,0,0.9995819922857486
s285,1,бо,6.742012052169228,0.006513714790344238,2.8903717578961645,2.0,0,0.9868736812933574
s285,2,по,6.892595162436764,0.02069038152694702,2.4849066497880004,2.0,0,0.9953599678887046
s285,3,имѧни,7.23108987582678,0.0009972453117370605,0.0,5.0,0,0.9787531839859164
s285,4,еѧ,7.124010629774707,0.0022578835487365723,1.3862943611198906,2.0,0,0.9904282859844837
s285,5,есть,6.547677085872476,0.002993762493133545,2.3978952727983707,4.0,0,0.9370422914415948
s23,0,бѡѧщии,8.003441989206294,0.0013782978057861328,0.0,6.0,0,0.9996101087103593
s23,1,с,5.762363990861653,0.01961958408355713,3.5553480614894135,1.0,0,0.6233487636482301
s23,2,га,6.061968596579193,0.005136966705322266,2.70805020110221,2.0,0,0.638080073834358
s23,3,надѣитес,7.286567331724987,0.0011568069458007812,0.0,8.0,0,0.9846522540835548
s23,4,на,5.835476771116021,0.006499171257019043,3.8501476017100584,2.0,0,0.6377087047174629
s23,5,сна,6.5449337659237825,0.000894010066986084,1.3862943611198906,3.0,0,0.8316319285749548
s23,6,бжиа,7.966941034671548,0.0018324851989746094,0.0,4.0,0,0.9995275609461787
s113,0,затем,7.960242789736791,0.0014786720275878906,0.0,5.0,0,0.9995089214158007
s113,1,следует,7.213244303565685,0.0009340643882751465,0.0,7.0,0,0.9772415172888089
s113,2,киноварная,7.213244303565685,0.0009438991546630859,0.0,10.0,0,0.978065622380415
s113,3,рубрика,7.217226594093368,0.0008442997932434082,0.0,7.0,0,0.9776027401830443
s113,4,ѡ,7.110098877143549,0.010500729084014893,1.3862943611198906,1.0,0,0.9928994621566143
s113,5,рабѣхъ,7.222608093609907,0.00111311674118042,0.0,6.0,0,0.9782064274053035
s113,6,л,6.719048665972166,0.011437177658081055,1.0986122886681098,1.0,0,0.9362192460395846
s25,0,о,7.164484607611116,0.04979276657104492,2.70805020110221,1.0,0,0.9997604933207896
s25,1,велицѣ,7.353338616881959,0.007408022880554199,0.0,6.0,0,0.9916210101907246
s25,2,и,4.8225591546177,0.012356758117675781,5.318119993844216,1.0,0,0.04811268214431889
s25,3,о,6.3405204655990275,0.05458545684814453,2.70805020110221,1.0,0,0.9866826044561532
s25,4,малѣ,7.330217553851705,0.00887763500213623,0.0,4.0,0,0.990969433790152
s25,5,не,5.465001785659831,0.02364027500152588,4.882801922586371,2.0,0,0.6111449646521269
s25,6,нераꙁумѣваи,8.054350365792821,0.004925549030303955,0.0,11.0,0,0.9997613186529327
s203,0,и,3.2591441802102725,0.008595108985900879,5.318119993844216,1.0,0,1.3199685951952666e-05
s203,1,рче,7.635706825029571,0.0017299652099609375,0.0,3.0,0,0.9973464498441855
s203,2,ми,7.087972599008694,0.0024007558822631836,1.6094379124341003,2.0,0,0.9907667770891834
s203,3,въ,6.935081954429757,0.005796551704406738,2.302585092994046,2.0,0,0.9911207483267146
s203,4,іаковѣ,7.226077524967125,0.001120150089263916,0.0,6.0,0,0.9785920738978228
s203,5,всели,7.232693287365771,0.0016762614250183105,0.6931471805599453,5.0,0,0.9894435307723544
s203,6,с,5.398417734700583,0.021254777908325195,3.5553480614894135,1.0,0,0.21426293512882894
s299,0,вѣнецъ,6.404270027361871,0.0006222724914550781,1.0986122886681098,6.0,0,0.6495623596042869
s299,1,радости,7.190533777695856,0.0011821985244750977,0.6931471805599453,7.0,0,0.98693163816468
s299,2,воꙁ,7.07912798523649,0.0029337406158447266,1.6094379124341003,3.0,0,0.9906901847290327
s299,3,ложиши,7.266012612025052,0.000816047191619873,0.0,6.0,0,0.9822661427854745
s299,4,на,6.276424948436491,0.007405877113342285,3.8501476017100584,2.0,0,0.9471088406906634
s299,5,сѧ,4.615781207378667,0.0067566633224487305,4.23410650459726,2.0,0,0.004723143674636122
s295,0,и,3.093014674142845,0.008859097957611084,5.318119993844216,1.0,0,5.666325401680584e-06
s295,1,гривны,6.417538622011726,0.00028079748153686523,0.6931471805599453,6.0,0,0.5689516788222586
s295,2,еѧ,7.156382391887642,0.0015001893043518066,1.3862943611198906,2.0,0,0.991600005293375
s295,3,на,6.234152502667027,0.00698477029800415,3.8501476017100584,2.0,0,0.9338360186691291
s295,4,одѣ,7.262083391340477,0.00035256147384643555,0.0,3.0,0,0.9808319561495102
s295,5,ние,7.1776671995521975,0.0006910562515258789,0.6931471805599453,3.0,0,0.9850105152955972
s295,6,славы,7.961588150220755,0.0029144287109375,0.0,5.0,0,0.9995439699805178
s31,0,совѣтници,7.96551737090533,0.001138925552368164,0.0,9.0,0,0.9995379886515283
s31,1,ж,7.080286747584205,0.01662623882293701,1.6094379124341003,1.0,0,0.9949769709244276
s31,2,твои,7.148229026663357,0.001481175422668457,1.0986122886681098,4.0,0,0.9887350806913242
s31,3,един,7.255978178855336,0.0015847086906433105,0.0,4.0,0,0.9815425397449944
s31,4,ѿ,6.363072417820304,0.01982349157333374,3.6375861597263857,1.0,0,0.9757622658949777
s31,5,тысущь,8.000303996199937,0.001034855842590332,0.0,6.0,0,0.9995973294366262
s459,0,то,5.78983453698307,0.014404892921447754,2.6390573296152584,2.0,0,0.38418391392945167
s459,1,како,7.210305734746835,0.0010678768157958984,0.6931471805599453,4.0,0,0.9876772878355492
s459,2,можеши,6.4642104749994935,0.0010394454002380371,0.6931471805599453,6.0,0,0.6350843881913201
s459,3,обрѣсти,6.489861701844015,0.0006614327430725098,0.6931471805599453,7.0,0,0.6640328813113193
s459,4,во,6.592755330891318,0.020916104316711426,3.2188758248682006,2.0,0,0.9894408017807409
s459,5,старости,6.015705786259649,0.0007504820823669434,1.0986122886681098,8.0,0,0.20442687324301256
s459,6,своеи,5.505722212126381,0.004807233810424805,1.3862943611198906,5.0,0,0.02759508433083656
s321,0,помѧни,6.753421026101117,0.0012069344520568848,0.6931471805599453,6.0,0,0.8865120499649618
s321,1,ꙗко,6.961938374421878,0.005349695682525635,2.1972245773362196,3.0,0,0.991366750943793
s321,2,гнѣвъ,7.230219764628246,0.0003992319107055664,0.0,5.0,0,0.9780676766395956
s321,3,гнь,6.695055509456805,0.0009345412254333496,1.3862943611198906,3.0,0,0.9148590287649745
s321,4,не,5.241706833162574,0.009488701820373535,4.882801922586371,2.0,0,0.20378690963376148
s321,5,ꙁамедлитъ,8.057604517585352,0.000608980655670166,0.0,9.0,0,0.9997056014582337
s322,0,не,4.0954080877562635,0.009813308715820312,4.882801922586371,2.0,0,0.0006971111225167491
s322,1,иꙁмѣни,7.41253924046977,0.0009024143218994141,0.0,6.0,0,0.9916340501299599
s322,2,недрꙋга,7.213244303565685,0.0007747411727905273,0.0,7.0,0,0.9770752486050596
s322,3,раꙁличи,7.217226594093368,0.0007860064506530762,0.0,7.0,0,0.9775429840090522
s322,4,ѧ,7.110098877143549,0.007240712642669678,1.3862943611198906,1.0,0,0.9917399668827809
s322,5,дѣлѧ,7.964225080264475,0.0011714696884155273,0.0,4.0,0,0.9995058599484377
s114,0,кажи,7.96551737090533,0.0007311105728149414,0.0,4.0,0,0.9994989388424532
s114,1,раба,7.17770723102266,0.0009568929672241211,1.6094379124341003,4.0,0,0.9939188049005554
s114,2,и,5.0915134901667525,0.01089489459991455,5.318119993844216,1.0,0,0.15920000014639188
s114,3,обрѧщеши,7.28913359777615,0.0004628300666809082,0.6931471805599453,8.0,0,0.9919374429358193
s114,4,поко,7.227272781875855,0.0007974505424499512,0.0,4.0,0,0.9778733023211625
s114,5,аще,6.906121975125915,0.003374814987182617,2.3978952727983707,3.0,0,0.9896145626189221
s114,6,л,7.155128723241003,0.011593401432037354,1.0986122886681098,1.0,0,0.9929378159696893
s114,7,ослабиши,7.215916972392189,0.00037914514541625977,0.0,8.0,0,0.9772477347382746
s114,8,руку,7.214589664049649,0.0006409883499145508,0.0,4.0,0,0.9762416000721006
s114,9,ему,7.867665134002603,0.001000821590423584,0.6931471805599453,3.0,0,0.9995751707970341
s63,0,аще,5.745002172741515,0.0022996068000793457,2.3978952727983707,3.0,0,0.18389740706812355
s63,1,ꙋꙁриши,7.243424752212452,0.0012739300727844238,0.0,6.0,0,0.9805284459202096
s63,2,раꙁумива,7.19327225340963,0.0014835000038146973,0.6931471805599453,8.0,0,0.9874457216972257
s63,3,то,6.828333070404706,0.013634443283081055,2.6390573296152584,2.0,0,0.9922758498412192
s63,4,ꙋтренюи,7.2387036382455285,0.0019515156745910645,0.0,7.0,0,0.9809013984060169
s63,5,к,6.381020173364911,0.04207104444503784,1.791759469228055,1.0,0,0.9544890941629293
s63,6,нему,7.166209493800364,0.0020260214805603027,0.6931471805599453,4.0,0,0.9852400730598448
s289,0,под,7.960242789736791,0.0024278759956359863,0.0,3.0,0,0.9995184181158484
s289,1,ложи,7.218518884734223,0.0009577274322509766,0.0,4.0,0,0.9770423035681529
s289,2,ра,7.0814296859860555,0.0082625150680542,1.6094379124341003,2.0,0,0.9927245819621991
s289,3,мо,7.12075822531904,0.0016158223152160645,1.3862943611198906,2.0,0,0.9899740913139717
s289,4,свое,7.146558326418964,0.010142624378204346,1.791759469228055,4.0,0,0.9960942194835212
s289,5,и,5.091503710995441,0.007105827331542969,5.318119993844216,1.0,0,0.13688494318386216
s289,6,понеси,7.335803587573141,0.0009363889694213867,0.0,6.0,0,0.9876351987012075
s289,7,ю,7.145955093690417,0.016908764839172363,1.791759469228055,1.0,0,0.9970333870447814
s289,8,и,4.726832679823197,0.007370650768280029,5.318119993844216,1.0,0,0.023836111758342823
s289,9,да,5.293273232265481,0.00535959005355835,2.8903717578961645,2.0,0,0.038557125055379046
s289,10,не,4.2535171954963715,0.009053826332092285,4.882801922586371,2.0,0,0.0015211025297746017
s289,11,бꙋ,6.705004418763396,0.0038500428199768066,1.3862943611198906,2.0,0,0.927556019894471
s289,12,дꙋтъ,7.242736789710332,0.0010616779327392578,0.0,4.0,0,0.9797831545781104
s289,13,ти,6.689620947235537,0.007598221302032471,2.995732273553991,2.0,0,0.9852541272210699
s289,14,ѹꙁы,7.2360385447755755,0.003762662410736084,0.0,3.0,0,0.9812950950144994
s289,15,соѹꙁы,7.2226293854794115,0.0012355446815490723,0.0,5.0,0,0.9780655707987554
s289,16,еѧ,6.382582009081187,0.0016781091690063477,1.3862943611198906,2.0,0,0.6863231036907081
s423,0,и,2.518198696540186,0.008768558502197266,5.318119993844216,1.0,0,2.8984151754235753e-07
s423,1,в,4.668284703467188,0.01095128059387207,4.1588830833596715,1.0,0,0.006906075124880608
s423,2,грѣхъ,7.273563207797913,0.0016314983367919922,0.6931471805599453,5.0,0,0.9914173376370333
s423,3,мѣсто,7.144566839320171,0.0011255741119384766,1.0986122886681098,5.0,0,0.9884746616415615
s423,4,прев,7.215916972392189,0.0009030699729919434,0.0,4.0,0,0.9766808367503573
s423,5,ꙁыще,7.218518884734223,0.0012149810791015625,0.0,4.0,0,0.9773105624229628
s423,6,тъ,7.1002530024264345,0.0033478140830993652,1.6094379124341003,2.0,0,0.9917017365228574
s423,7,ти,5.845259933562561,0.009160339832305908,2.995732273553991,2.0,0,0.478546057515583
s423,8,сѧ,4.303774864326113,0.009417295455932617,4.23410650459726,2.0,0,0.001071573498255444
s30,0,симрѧющии,7.997663354557822,0.0029662251472473145,0.0,9.0,0,0.999640673990842
s30,1,с,6.428287395731038,0.0127066969871521,3.5553480614894135,1.0,0,0.9739118501043598
s30,2,с,6.01297466660996,0.0127066969871521,3.5553480614894135,1.0,0,0.8137989903816906
s30,3,да,6.262559058904182,0.006331980228424072,2.8903717578961645,2.0,0,0.8623811701046791
s30,4,будꙋт,7.23669544212879,0.0052738189697265625,0.0,5.0,0,0.9830264375536355
s30,5,мноѕи,7.960242789736791,0.003414928913116455,0.0,5.0,0,0.9995514077554859
s217,0,ꙁаб,7.8727544182229305,0.0007644891738891602,0.6931471805599453,3.0,1,0.9995815912287882
s217,1,ж,7.07912798523649,0.01561880111694336,1.6094379124341003,1.0,0,0.9947045408862571
s217,2,норовы,7.218518884734223,0.0006343722343444824,0.0,6.0,0,0.9772594329494331
s217,3,воꙁненавидѣ,7.223789722777662,0.001033186912536621,0.0,11.0,0,0.9795393942292548
s217,4,дша,5.911793809001079,0.0029047727584838867,1.9459101490553132,3.0,0,0.26162629380086927
s217,5,моѧ,6.045299942204588,0.0009012222290039062,0.6931471805599453,3.0,0,0.16068086346639412
s282,0,и,3.259627001693679,0.009039700031280518,5.318119993844216,1.0,0,1.3510610598153413e-05
s282,1,ско,6.857826130678904,0.0005385875701904297,0.6931471805599453,3.0,0,0.9259652746533694
s282,2,ро,6.46681718566322,0.0011785030364990234,0.6931471805599453,2.0,0,0.6281688947657706
s282,3,имаши,6.46681718566322,0.0005303025245666504,0.6931471805599453,5.0,0,0.6297927301037833
s282,4,ѣсти,6.471966267484754,0.001112818717956543,0.6931471805599453,4.0,0,0.6393939420523178
s282,5,еѧ,6.38623092639267,0.0012320280075073242,1.3862943611198906,2.0,0,0.6858895887273516
s46,0,и,2.1668378528501915,0.008585989475250244,5.318119993844216,1.0,0,4.681185526823711e-08
s46,1,не,3.5952484574425583,0.009220004081726074,4.882801922586371,2.0,0,5.124879359844302e-05
s46,2,ѿ,5.411124821790435,0.019240617752075195,3.6375861597263857,1.0,0,0.22297045625570142
s46,3,верꙁи,7.263097212995136,0.0018584132194519043,0.0,5.0,0,0.9826326760407684
s46,4,совѣта,7.110098877143549,0.0026612281799316406,1.3862943611198906,6.0,0,0.9903969218146507
s46,5,моег,7.964225080264475,0.0011861920356750488,0.0,4.0,0,0.9995061998087668
s123,0,и,3.2591441802102725,0.00897514820098877,5.318119993844216,1.0,0,1.343632773469569e-05
s123,1,ѿпадоша,7.630432243861032,0.000987231731414795,0.0,7.0,0,0.9973137466041011
s123,2,надѣющеи,7.253569214242832,0.0014077425003051758,0.0,8.0,0,0.9820601595202942
s123,3,с,6.05372060898282,0.019883394241333008,3.5553480614894135,1.0,0,0.8829721258640569
s123,4,на,5.899194840737473,0.007337093353271484,3.8501476017100584,2.0,0,0.7178239159600966
s123,5,нѧ,8.010700143666103,0.002280890941619873,0.0,2.0,0,0.9996216279581508
s35,0,и,2.518198696540186,0.009807407855987549,5.318119993844216,1.0,0,3.042674528227591e-07
s35,1,в,4.670984481238891,0.011343955993652344,4.1588830833596715,1.0,0,0.007131176672776751
s35,2,до,7.032349871078807,0.016284644603729248,2.1972245773362196,2.0,0,0.9963376201628886
s35,3,брѣ,7.22352151969349,0.001599431037902832,0.0,3.0,0,0.9779963258780141
s35,4,твоем,7.219794190314753,0.000865638256072998,0.0,5.0,0,0.9773698106558338
s35,5,будет,7.0546543236697286,0.0007491111755371094,1.791759469228055,5.0,0,0.9904341618161118
s35,6,ꙗкож,6.051049326745134,0.0032276511192321777,1.791759469228055,4.0,0,0.3917705588762998
s35,7,и,4.460050058346405,0.01039046049118042,5.318119993844216,1.0,0,0.007040029538694587
s35,8,ты,5.587355038858852,0.002510547637939453,1.6094379124341003,2.0,0,0.04438777864777192
s214,0,и,3.2591441802102725,0.009098470211029053,5.318119993844216,1.0,0,1.351402542021247e-05
s214,1,оставлю,7.637130488795789,0.001007378101348877,0.0,7.0,0,0.9974072856625442
s214,2,ѧ,6.581691061663662,0.006187498569488525,1.3862943611198906,1.0,0,0.8818156919115046
s214,3,в,5.681955138993967,0.012773096561431885,4.1588830833596715,1.0,0,0.5871096584176578
s214,4,роды,7.276088827840987,0.0018573999404907227,0.0,4.0,0,0.9835407580758838
s214,5,вѣчныа,7.960242789736791,0.0010088682174682617,0.0,6.0,0,0.9995042142784649
s222,0,члокъ,6.719048665972166,0.009673058986663818,1.0986122886681098,5.0,0,0.9342326694842547
s222,1,веселѧ,7.256046367903253,0.0033779144287109375,0.0,6.0,0,0.9834176828120516
s222,2,с,6.423101403188536,0.021121203899383545,3.5553480614894135,1.0,0,0.9817735504740275
s222,3,о,5.5117280247096865,0.0543745756149292,2.70805020110221,1.0,0,0.5037444838287489
s222,4,чадѣх,4.7490935958278335,0.0014361143112182617,1.6094379124341003,5.0,0,0.0006037765638789346
s222,5,своих,4.7948939855972785,0.005204200744628906,2.1972245773362196,5.0,0,0.0016089546962812916
s44,0,мдрсть,7.868963410778301,0.001651763916015625,0.6931471805599453,6.0,0,0.9996056211138084
s44,1,поминаи,7.192337674448579,0.0008042454719543457,0.6931471805599453,7.0,1,0.9868234388118923
s44,2,по,6.878882321102004,0.018794715404510498,2.4849066497880004,2.0,0,0.9945621897493719
s44,3,имени,7.236158466054557,0.0013527274131774902,0.0,5.0,0,0.9796251706699737
s44,4,еа,6.992504726976353,0.005470752716064453,2.0794415416798357,2.0,0,0.9916794005051603
s44,5,ес,7.588920456131355,0.005697309970855713,1.791759469228055,2.0,0,0.9994964624958327
s19,0,и,3.2591441802102725,0.00816720724105835,5.318119993844216,1.0,0,1.2938225828636302e-05
s19,1,ꙋстны,7.630432243861032,0.0011887550354003906,0.0,5.0,0,0.9972721135579478
s19,2,многых,7.213244303565685,0.0011066198348999023,0.0,6.0,0,0.9771444825276888
s19,3,исповѣдѧт,7.213244303565685,0.0007300376892089844,0.0,9.0,0,0.9775794203035045
s19,4,смыслъ,7.229176291805997,0.0005771517753601074,0.0,6.0,0,0.9783945950121108
s19,5,єг,6.137182725532446,0.0038037896156311035,1.9459101490553132,2.0,0,0.5389557217155335
s109,0,и,2.915571568935359,0.005842089653015137,5.318119993844216,1.0,0,1.9680522485132624e-06
s109,1,во,4.7267804834529015,0.012673735618591309,3.2188758248682006,2.0,0,0.004142176996575439
s109,2,времѧ,5.776050560877469,0.0009080171585083008,1.791759469228055,5.0,0,0.12388011896253834
s109,3,подбно,7.233157129661764,0.003492414951324463,0.0,6.0,0,0.9814731830095913
s109,4,вдаѧти,7.213244303565685,0.0038172006607055664,0.0,6.0,0,0.9798101513847477
s109,5,ѿвѣт,7.960242789736791,0.0030379891395568848,0.0,4.0,0,0.999537731008294
s259,0,о,7.164484607611116,0.04064035415649414,2.70805020110221,1.0,0,0.9996326235858336
s259,1,вели,7.230560355729359,0.012099087238311768,0.0,4.0,0,0.9870547515970287
s259,2,цѣи,7.336022564718284,0.00928187370300293,0.0,3.0,0,0.9912899429054904
s259,3,и,4.8225591546177,0.009572446346282959,5.318119993844216,1.0,0,0.0424892764307323
s259,4,о,6.3405204655990275,0.06111907958984375,2.70805020110221,1.0,0,0.9901537106062527
s259,5,малѣи,7.330217553851705,0.003958940505981445,0.0,5.0,0,0.9887992466930455
s259,6,не,5.465001785659831,0.012394130229949951,4.882801922586371,2.0,0,0.48158300179686864
s259,7,раꙁѹмѣ,7.307351879621715,0.003934204578399658,0.0,6.0,0,0.9875521855833388
s259,8,ваи,7.960242789736791,0.004061460494995117,0.0,3.0,0,0.9995538160971162
s29,0,и,3.2591441802102725,0.009165287017822266,5.318119993844216,1.0,0,1.3556310234852771e-05
s29,1,ѧꙁык,7.630432243861032,0.0010008811950683594,0.0,4.0,0,0.9972138104150532
s29,2,доброглив,7.213244303565685,0.0005454421043395996,0.0,9.0,0,0.9773894648110383
s29,3,ꙋмножит,7.213244303565685,0.0005318522453308105,0.0,7.0,0,0.9768194867929385
s29,4,добру,7.213244303565685,0.0008102655410766602,0.0,5.0,0,0.976550185627804
s29,5,бесѣду,7.960242789736791,0.0006726384162902832,0.0,6.0,0,0.9994963624590049
s298,0,во,5.752815466254676,0.012051105499267578,3.2188758248682006,2.0,0,0.4471073809443029
s298,1,одежꙋ,7.252419733422607,0.0032716989517211914,0.0,5.0,0,0.9828183010970243
s298,2,славы,7.215916972392189,0.000980675220489502,0.0,5.0,0,0.9770436096959131
s298,3,своеѧ,7.143312462101074,0.007346689701080322,1.0986122886681098,5.0,0,0.9913027419198911
s298,4,облечеши,7.342346025847735,0.004901468753814697,0.0,8.0,0,0.9902865914091294
s298,5,сѧ,4.6025227780634665,0.005422770977020264,4.23410650459726,2.0,0,0.004146276048251688
s187,0,так,6.723965230534448,0.0006940960884094238,1.0986122886681098,3.0,0,0.9032900692852638
s187,1,ра,7.082650387936363,0.007951617240905762,1.6094379124341003,2.0,0,0.992664886620853
s187,2,стают,7.2815794807635825,0.0010873675346374512,0.0,5.0,0,0.9836178859512369
s187,3,сѧ,5.971168864540616,0.008359551429748535,4.23410650459726,2.0,0,0.8487110736506518
s187,4,грѣси,8.02330338576615,0.0006492137908935547,0.0,5.0,0,0.9996313588299517
s48,0,и,2.886119312738776,0.008664548397064209,5.318119993844216,1.0,0,1.9288078021661783e-06
s48,1,въ,5.7643624067450405,0.004718422889709473,2.302585092994046,2.0,0,0.20074097855160608
s48,2,гривну,7.241966981097825,0.0012631416320800781,0.0,6.0,0,0.9803744840116547
s48,3,еа,6.987286483180246,0.006281733512878418,2.0794415416798357,2.0,0,0.9917694223722378
s48,4,выю,7.240736382136689,0.0010359883308410645,0.0,3.0,0,0.9793031662921192
s48,5,свою,6.1031835198059525,0.005974113941192627,2.1972245773362196,4.0,0,0.5865928673273788
s274,0,и,2.7401427510299188,0.007889926433563232,5.318119993844216,1.0,0,8.752593279380916e-07
s274,1,ѿ,5.129723331142678,0.019673407077789307,3.6375861597263857,1.0,0,0.0640710350500166
s274,2,врагъ,7.240227525443104,0.0023245811462402344,0.6931471805599453,5.0,0,0.9901426338616315
s274,3,своихъ,7.0177096298310495,0.004603862762451172,1.9459101490553132,6.0,0,0.9917631491113122
s274,4,ѿлꙋчи,7.222398208062,0.0029744505882263184,0.0,5.0,0,0.9797199661207321
s274,5,т,7.299093555249698,0.0033103227615356445,0.6931471805599453,1.0,0,0.9926818660033784
s274,6,сѧ,4.60291092536018,0.006436645984649658,4.23410650459726,2.0,0,0.004355373293841269
s420,0,и,2.212494774577829,0.009401559829711914,5.318119993844216,1.0,0,6.156367309578515e-08
s420,1,не,3.6830154798589083,0.010108470916748047,4.882801922586371,2.0,0,8.405647647931832e-05
s420,2,оскорби,6.206808523554098,0.0011487007141113281,0.6931471805599453,7.0,0,0.3191297792211086
s420,3,его,6.704543849469128,0.002193152904510498,3.044522437723423,3.0,0,0.9834696989876962
s420,4,в,6.0320291626917895,0.011262655258178711,4.1588830833596715,1.0,0,0.8898708394518414
s420,5,животѣ,7.32388804176067,0.0014345645904541016,0.0,6.0,0,0.987159299681839
s420,6,его,5.372332991234035,0.0024625062942504883,3.044522437723423,3.0,0,0.05830780356675533
s37,0,и,2.8881771688686717,0.01245945692062378,5.318119993844216,1.0,0,2.3278993351160804e-06
s37,1,аще,5.749566075995843,0.0025580525398254395,2.3978952727983707,3.0,0,0.1893088528551187
s37,2,смѣрен,7.250310578495471,0.0013864636421203613,0.0,6.0,0,0.9812927520184623
s37,3,то,6.911659419844548,0.013911247253417969,2.6390573296152584,2.0,0,0.995027982967669
s37,4,и,4.710880497145075,0.010771989822387695,5.318119993844216,1.0,0,0.02568608038592233
s37,5,на,5.719583254769736,0.0061463117599487305,3.8501476017100584,2.0,0,0.4875979266144212
s37,6,тѧ,7.178723806440541,0.0028604865074157715,1.3862943611198906,2.0,0,0.9929669484607281
s37,7,будет,6.0216447563076345,0.002076864242553711,1.791759469228055,5.0,0,0.34680212499604535
s24,0,вꙁираите,7.969522651955132,0.003010392189025879,0.0,8.0,0,0.9995801631231428
s24,1,к,6.381020173364911,0.03397417068481445,1.791759469228055,1.0,0,0.9349078466965094
s24,2,нему,6.476211559349959,0.0012798905372619629,0.6931471805599453,4.0,0,0.6462215578241988
s24,3,всег,7.222672793448739,0.0009986162185668945,0.0,4.0,0,0.9775606368935139
s24,4,срдца,6.719048665972166,0.002006232738494873,1.0986122886681098,5.0,0,0.9084728484900491
s333,0,во,5.24784421691702,0.013614773750305176,3.2188758248682006,2.0,0,0.06024149336185573
s333,1,всѣх,6.016728913908654,0.0006152987480163574,1.0986122886681098,4.0,0,0.1963009508650097
s333,2,словесехъ,7.226434347094574,0.0009726881980895996,0.0,9.0,0,0.9792566236365277
s333,3,своихъ,7.0177096298310495,0.0019954442977905273,1.9459101490553132,6.0,0,0.9907046855911695
s333,4,поминаи,7.185200755224448,0.0014924407005310059,0.6931471805599453,7.0,0,0.9867624219204594
s333,5,послѣднѧѧ,7.226384247416382,0.002011895179748535,0.0,9.0,0,0.980215970539199
s333,6,своѧ,6.606142921682416,0.004808306694030762,2.0794415416798357,4.0,0,0.9415362533922167
s202,0,и,3.2591441802102725,0.007497072219848633,5.318119993844216,1.0,0,1.2539121797087445e-05
s202,1,соꙁдавыи,7.633104912687536,0.00046628713607788086,0.0,8.0,0,0.997318746798871
s202,2,мѧ,7.143312462101074,0.0010007619857788086,1.0986122886681098,2.0,0,0.9878959075038987
s202,3,препокоил,7.215916972392189,0.00043404102325439453,0.0,9.0,0,0.9775786296126179
s202,4,скиню,7.217291293932202,0.0005363225936889648,0.0,5.0,0,0.9767347796181116
s202,5,мою,6.743506601330862,0.000996708869934082,0.6931471805599453,3.0,0,0.8762403148614663
s77,0,и,3.2591441802102725,0.009046196937561035,5.318119993844216,1.0,0,1.3481036586879338e-05
s77,1,приносѧщю,7.635706825029571,0.0004506707191467285,0.0,9.0,0,0.9973851138555462
s77,2,ми,7.0814296859860555,0.002847135066986084,1.6094379124341003,2.0,0,0.9906478093837247
s77,3,бꙋ,7.121891922016571,0.00516432523727417,1.3862943611198906,2.0,0,0.9915430878517126
s77,4,при,7.019873768633927,0.006290614604949951,1.9459101490553132,3.0,0,0.9921832769394492
s77,5,имет,7.2277510925127935,0.000868678092956543,0.0,4.0,0,0.9779984585271929
s77,6,ѧ,6.695265800436152,0.006885707378387451,1.3862943611198906,1.0,0,0.9327021891846724
s165,0,печал,7.960242789736791,0.00044715404510498047,0.0,5.0,0,0.9994846687286619
s165,1,велѧ,7.217291293932202,0.00037658214569091797,0.0,4.0,0,0.9762784690160857
s165,2,ис,6.0005551055262725,0.0002529621124267578,0.6931471805599453,2.0,0,0.1270834483861349
s165,3,перва,5.748157196895394,0.00010919570922851562,0.6931471805599453,5.0,0,0.03916556214445331
s165,4,соꙁдана,6.00185338230197,0.00022602081298828125,0.6931471805599453,7.0,0,0.1347683281969789
s165,5,быс,7.181572186991621,0.00047528743743896484,0.6931471805599453,3.0,0,0.9851586050807196
s165,6,всѧкому,7.217262332876153,0.00026530027389526367,0.0,7.0,0,0.9770064086226014
s165,7,члоку,7.785443632625922,0.000588536262512207,1.0986122886681098,5.0,0,0.9995635591199865
